id,label
0,2-14
1,2-17
2,5-12
3,5-35
4,1-1
5,6-13
6,8-27
7,5-12
8,6-34
9,9-23
10,10-26
11,4-7
12,6-28
13,5-22
14,9-23
15,2-11
16,6-13
17,3-5
18,1-1
19,6-21
20,2-6
21,6-28
22,6-29
23,1-9
24,2-6
25,3-5
26,6-21
27,2-33
28,1-10
29,2-14
30,1-4
31,6-32
32,6-31
33,9-23
34,1-4
35,7-16
36,1-9
37,8-18
38,9-23
39,5-12
40,2-14
41,2-14
42,2-2
43,7-16
44,1-10
45,2-3
46,2-11
47,5-12
48,6-31
49,6-8
50,3-5
51,4-7
52,2-25
53,6-29
54,2-2
55,6-15
56,5-30
57,10-26
58,6-15
59,6-32
60,4-7
61,5-30
62,6-13
63,5-24
64,6-32
65,2-25
66,6-34
67,2-33
68,6-15
69,6-32
70,6-20
71,1-9
72,6-15
73,1-9
74,5-35
75,8-18
76,6-8
77,2-3
78,6-29
79,4-7
80,9-23
81,7-16
82,2-6
83,6-34
84,1-10
85,6-19
86,6-20
87,10-26
88,6-29
89,6-31
90,6-32
91,6-29
92,6-15
93,9-23
94,6-29
95,6-15
96,2-25
97,5-22
98,6-28
99,6-29
100,9-23
101,1-9
102,7-16
103,6-15
104,6-13
105,6-19
106,5-22
107,2-17
108,6-34
109,5-12
110,2-3
111,6-15
112,2-33
113,7-16
114,6-29
115,6-21
116,6-8
117,5-22
118,1-9
119,6-15
120,7-16
121,6-8
122,1-10
123,2-17
124,2-17
125,8-18
126,6-29
127,5-12
128,6-19
129,1-10
130,1-4
131,8-27
132,5-35
133,1-10
134,1-9
135,6-8
136,5-24
137,9-23
138,6-34
139,2-2
140,2-2
141,1-10
142,5-30
143,6-29
144,2-17
145,5-35
146,5-30
147,2-33
148,5-22
149,6-20
150,2-11
151,5-35
152,5-22
153,2-11
154,6-20
155,10-26
156,5-24
157,6-34
158,5-22
159,6-15
160,6-20
161,3-5
162,2-6
163,2-3
164,3-5
165,6-32
166,6-31
167,6-8
168,6-34
169,6-15
170,2-3
171,2-33
172,6-29
173,2-14
174,4-7
175,6-28
176,2-33
177,6-13
178,2-14
179,2-25
180,5-24
181,2-33
182,6-13
183,2-14
184,5-24
185,6-13
186,7-16
187,5-30
188,6-8
189,6-19
190,1-10
191,6-32
192,8-27
193,6-32
194,9-23
195,5-12
196,6-19
197,6-20
198,5-30
199,1-1
200,6-20
201,8-18
202,6-15
203,5-24
204,6-15
205,3-5
206,2-2
207,1-4
208,5-30
209,2-25
210,10-26
211,6-19
212,8-27
213,5-24
214,2-33
215,2-11
216,2-25
217,6-15
218,6-31
219,2-3
220,8-27
221,6-28
222,6-21
223,2-14
224,8-18
225,6-32
226,5-30
227,8-18
228,2-11
229,5-30
230,3-5
231,6-19
232,8-27
233,5-22
234,5-30
235,8-27
236,6-31
237,6-29
238,2-33
239,2-17
240,2-17
241,5-24
242,6-15
243,6-8
244,8-18
245,6-15
246,2-25
247,8-18
248,6-29
249,6-19
250,2-6
251,2-6
252,6-31
253,1-9
254,2-3
255,6-28
256,4-7
257,5-24
258,6-21
259,3-5
260,6-21
261,5-30
262,2-6
263,3-5
264,5-30
265,2-14
266,6-20
267,8-27
268,6-28
269,8-27
270,5-35
271,6-34
272,6-28
273,2-2
274,6-15
275,6-13
276,2-14
277,6-21
278,6-19
279,10-26
280,2-25
281,5-30
282,5-35
283,9-23
284,2-6
285,6-8
286,2-25
287,2-3
288,2-25
289,5-12
290,2-3
291,6-29
292,1-9
293,6-19
294,6-19
295,2-6
296,6-29
297,6-15
298,6-15
299,10-26
300,2-25
301,6-20
302,1-4
303,2-14
304,6-28
305,6-20
306,6-13
307,3-5
308,2-33
309,6-32
310,2-2
311,9-23
312,6-13
313,2-14
314,10-26
315,9-23
316,6-21
317,5-30
318,2-3
319,1-10
320,6-13
321,6-34
322,2-25
323,4-7
324,7-16
325,2-25
326,5-35
327,10-26
328,9-23
329,2-6
330,2-2
331,2-2
332,6-28
333,6-31
334,5-22
335,2-25
336,5-30
337,6-32
338,6-13
339,6-20
340,2-3
341,1-9
342,6-20
343,1-4
344,2-33
345,6-8
346,2-17
347,2-14
348,2-2
349,6-34
350,6-20
351,6-29
352,6-21
353,9-23
354,5-35
355,6-19
356,5-35
357,6-21
358,8-18
359,5-30
360,6-28
361,6-32
362,2-3
363,2-2
364,9-23
365,6-21
366,6-29
367,2-11
368,6-20
369,5-24
370,7-16
371,6-8
372,8-27
373,6-8
374,5-30
375,2-33
376,2-6
377,2-6
378,5-30
379,4-7
380,3-5
381,9-23
382,2-6
383,3-5
384,6-34
385,2-17
386,6-34
387,8-27
388,6-31
389,7-16
390,4-7
391,1-1
392,5-35
393,5-30
394,2-11
395,2-2
396,2-6
397,6-28
398,8-27
399,5-30
400,2-17
401,2-33
402,4-7
403,5-30
404,6-32
405,5-12
406,6-31
407,2-25
408,9-23
409,2-11
410,6-13
411,5-35
412,5-35
413,1-4
414,2-33
415,6-28
416,1-4
417,2-14
418,5-24
419,2-11
420,2-3
421,6-32
422,2-25
423,3-5
424,2-3
425,5-30
426,9-23
427,8-27
428,6-13
429,1-1
430,4-7
431,8-18
432,6-13
433,6-15
434,6-29
435,1-4
436,6-19
437,6-21
438,2-11
439,8-27
440,6-28
441,6-8
442,2-14
443,5-12
444,6-19
445,6-29
446,6-31
447,1-4
448,6-31
449,1-9
450,1-4
451,2-11
452,6-34
453,1-10
454,5-35
455,5-22
456,5-35
457,2-6
458,1-9
459,2-33
460,1-9
461,5-22
462,2-3
463,5-24
464,1-9
465,2-25
466,7-16
467,6-28
468,6-21
469,6-32
470,6-8
471,6-20
472,6-29
473,5-35
474,1-1
475,4-7
476,5-12
477,2-14
478,2-6
479,6-29
480,9-23
481,10-26
482,6-21
483,6-21
484,1-1
485,10-26
486,2-3
487,2-33
488,1-4
489,5-22
490,6-29
491,6-34
492,8-27
493,6-20
494,1-4
495,6-13
496,1-1
497,6-13
498,1-1
499,6-19
500,6-29
501,5-24
502,6-31
503,6-15
504,6-28
505,2-33
506,5-12
507,2-2
508,2-6
509,1-10
510,6-20
511,6-8
512,2-25
513,2-14
514,2-33
515,2-14
516,6-20
517,5-35
518,6-34
519,6-34
520,6-32
521,3-5
522,2-6
523,5-22
524,6-15
525,6-34
526,1-4
527,2-14
528,5-12
529,2-3
530,7-16
531,6-13
532,2-2
533,2-3
534,2-11
535,1-1
536,6-8
537,5-30
538,6-32
539,6-31
540,5-22
541,4-7
542,1-1
543,2-3
544,1-4
545,2-2
546,2-3
547,2-17
548,5-35
549,6-13
550,5-24
551,1-4
552,2-11
553,3-5
554,6-28
555,2-2
556,5-22
557,1-4
558,5-24
559,5-22
560,8-27
561,8-18
562,5-22
563,5-35
564,1-10
565,5-35
566,6-28
567,2-14
568,8-18
569,2-3
570,5-30
571,1-9
572,9-23
573,2-17
574,6-13
575,6-19
576,6-29
577,1-10
578,6-20
579,5-22
580,8-18
581,8-27
582,6-20
583,6-32
584,5-35
585,6-32
586,2-14
587,6-21
588,2-25
589,6-21
590,9-23
591,2-11
592,6-15
593,3-5
594,6-28
595,1-9
596,1-1
597,9-23
598,1-10
599,6-31
600,6-8
601,5-22
602,6-28
603,2-6
604,6-20
605,2-14
606,6-32
607,6-20
608,6-21
609,10-26
610,5-24
611,6-13
612,6-15
613,1-1
614,2-17
615,6-31
616,6-19
617,6-32
618,5-12
619,2-14
620,6-34
621,9-23
622,6-31
623,5-12
624,2-14
625,6-31
626,6-20
627,2-11
628,2-2
629,2-6
630,2-3
631,6-34
632,2-3
633,6-34
634,6-31
635,7-16
636,1-10
637,2-17
638,6-29
639,6-31
640,1-9
641,6-13
642,6-20
643,6-31
644,5-30
645,1-4
646,7-16
647,1-1
648,10-26
649,6-8
650,6-29
651,2-3
652,6-32
653,2-11
654,8-18
655,5-12
656,2-33
657,8-27
658,6-32
659,9-23
660,1-4
661,1-10
662,6-8
663,2-17
664,5-12
665,6-8
666,10-26
667,9-23
668,6-19
669,5-30
670,7-16
671,1-9
672,1-9
673,6-15
674,6-21
675,6-28
676,5-30
677,1-4
678,7-16
679,2-6
680,6-20
681,5-12
682,2-14
683,2-25
684,1-1
685,5-22
686,2-17
687,6-8
688,2-3
689,1-1
690,7-16
691,3-5
692,6-32
693,6-31
694,7-16
695,6-8
696,6-20
697,6-34
698,2-6
699,6-21
700,2-2
701,8-27
702,4-7
703,2-33
704,6-29
705,2-33
706,6-34
707,6-32
708,4-7
709,1-4
710,6-15
711,6-21
712,5-35
713,5-22
714,6-8
715,5-12
716,6-15
717,4-7
718,2-14
719,3-5
720,5-30
721,6-31
722,3-5
723,2-11
724,10-26
725,2-3
726,5-35
727,2-3
728,6-20
729,6-31
730,4-7
731,4-7
732,9-23
733,2-17
734,2-2
735,7-16
736,2-2
737,6-29
738,2-14
739,6-32
740,6-20
741,2-6
742,6-8
743,5-30
744,10-26
745,9-23
746,2-14
747,6-15
748,8-18
749,5-35
750,2-3
751,6-13
752,10-26
753,8-18
754,1-4
755,5-22
756,5-24
757,4-7
758,1-1
759,6-34
760,2-17
761,2-3
762,6-34
763,2-6
764,6-28
765,6-20
766,6-20
767,6-32
768,5-30
769,6-13
770,2-2
771,6-32
772,2-3
773,2-3
774,6-8
775,2-14
776,7-16
777,1-4
778,2-25
779,6-19
780,6-13
781,8-27
782,6-20
783,5-12
784,5-30
785,6-19
786,2-17
787,3-5
788,2-17
789,6-8
790,1-1
791,2-6
792,2-14
793,9-23
794,2-6
795,2-2
796,6-20
797,6-8
798,2-25
799,6-19
800,8-18
801,2-17
802,10-26
803,2-25
804,10-26
805,6-13
806,2-11
807,9-23
808,6-19
809,5-22
810,6-8
811,4-7
812,5-35
813,8-27
814,1-4
815,2-11
816,6-15
817,9-23
818,5-22
819,6-31
820,1-9
821,3-5
822,1-10
823,4-7
824,5-12
825,1-4
826,2-25
827,5-35
828,6-34
829,1-10
830,2-11
831,6-13
832,7-16
833,6-28
834,2-25
835,9-23
836,6-29
837,2-33
838,6-32
839,6-28
840,6-20
841,6-31
842,6-19
843,2-14
844,4-7
845,6-19
846,6-32
847,2-2
848,6-34
849,8-27
850,5-12
851,10-26
852,6-29
853,4-7
854,2-25
855,5-24
856,1-9
857,8-18
858,1-9
859,2-3
860,5-22
861,2-6
862,6-20
863,2-11
864,6-31
865,3-5
866,6-29
867,6-28
868,6-19
869,2-3
870,6-29
871,5-30
872,6-15
873,1-4
874,6-21
875,5-24
876,6-31
877,6-28
878,6-29
879,6-15
880,2-33
881,2-14
882,6-28
883,6-29
884,10-26
885,5-12
886,1-4
887,2-11
888,6-13
889,1-1
890,2-2
891,7-16
892,2-17
893,6-21
894,1-4
895,5-12
896,6-28
897,5-22
898,1-9
899,8-18
900,10-26
901,9-23
902,6-28
903,5-35
904,6-13
905,6-19
906,8-18
907,2-14
908,10-26
909,6-8
910,3-5
911,3-5
912,6-28
913,7-16
914,6-13
915,2-3
916,6-8
917,5-22
918,1-9
919,2-25
920,5-35
921,3-5
922,6-28
923,5-24
924,5-22
925,5-35
926,2-6
927,7-16
928,2-14
929,6-8
930,1-1
931,6-15
932,6-8
933,2-17
934,6-29
935,6-28
936,6-28
937,3-5
938,2-3
939,6-28
940,2-14
941,6-13
942,6-20
943,6-19
944,2-2
945,5-24
946,6-34
947,3-5
948,5-24
949,5-22
950,2-11
951,7-16
952,7-16
953,5-12
954,2-3
955,4-7
956,2-2
957,4-7
958,6-20
959,6-21
960,1-10
961,2-14
962,1-9
963,10-26
964,2-25
965,6-20
966,5-30
967,2-6
968,5-12
969,4-7
970,6-8
971,1-1
972,1-1
973,5-12
974,2-14
975,6-34
976,2-17
977,6-29
978,1-9
979,6-21
980,10-26
981,6-21
982,3-5
983,8-18
984,6-20
985,2-14
986,8-18
987,1-9
988,6-21
989,7-16
990,2-3
991,8-18
992,6-34
993,5-12
994,6-32
995,6-21
996,3-5
997,6-15
998,9-23
999,5-22
1000,2-11
1001,5-22
1002,6-21
1003,6-20
1004,9-23
1005,7-16
1006,5-12
1007,1-1
1008,6-13
1009,6-21
1010,2-17
1011,6-13
1012,6-34
1013,5-30
1014,10-26
1015,2-14
1016,2-11
1017,2-6
1018,2-3
1019,6-31
1020,1-10
1021,5-12
1022,8-18
1023,2-33
1024,6-13
1025,6-31
1026,9-23
1027,6-13
1028,2-33
1029,2-17
1030,2-2
1031,6-20
1032,8-27
1033,1-9
1034,1-1
1035,6-19
1036,6-15
1037,1-10
1038,2-25
1039,5-30
1040,5-35
1041,2-14
1042,6-29
1043,5-22
1044,8-18
1045,1-4
1046,1-4
1047,1-4
1048,2-25
1049,2-25
1050,2-14
1051,1-9
1052,9-23
1053,3-5
1054,6-32
1055,6-19
1056,6-21
1057,5-30
1058,2-25
1059,6-32
1060,6-32
1061,4-7
1062,2-33
1063,6-13
1064,5-30
1065,2-3
1066,1-4
1067,6-34
1068,6-31
1069,2-2
1070,2-6
1071,6-20
1072,10-26
1073,8-18
1074,6-20
1075,6-21
1076,6-21
1077,5-24
1078,5-35
1079,5-35
1080,6-32
1081,10-26
1082,2-25
1083,5-35
1084,4-7
1085,6-32
1086,7-16
1087,10-26
1088,2-6
1089,5-22
1090,2-2
1091,6-29
1092,2-3
1093,2-14
1094,10-26
1095,6-8
1096,6-20
1097,1-9
1098,6-32
1099,3-5
1100,2-25
1101,3-5
1102,6-34
1103,2-6
1104,4-7
1105,5-12
1106,4-7
1107,6-28
1108,6-34
1109,5-30
1110,8-27
1111,9-23
1112,5-30
1113,5-12
1114,5-12
1115,2-25
1116,6-19
1117,10-26
1118,6-21
1119,6-29
1120,2-6
1121,6-34
1122,6-21
1123,1-4
1124,2-17
1125,1-10
1126,6-34
1127,6-8
1128,6-8
1129,6-21
1130,7-16
1131,4-7
1132,2-2
1133,1-9
1134,2-2
1135,1-9
1136,6-29
1137,7-16
1138,6-31
1139,2-25
1140,2-2
1141,6-34
1142,10-26
1143,7-16
1144,1-9
1145,8-27
1146,1-9
1147,6-13
1148,6-32
1149,2-6
1150,2-33
1151,1-9
1152,6-28
1153,6-31
1154,6-34
1155,5-30
1156,8-18
1157,6-21
1158,2-17
1159,7-16
1160,6-15
1161,8-27
1162,6-20
1163,10-26
1164,6-29
1165,6-29
1166,6-19
1167,2-6
1168,2-3
1169,6-32
1170,2-11
1171,1-4
1172,6-21
1173,6-34
1174,1-1
1175,9-23
1176,8-18
1177,6-21
1178,6-21
1179,2-14
1180,6-21
1181,1-10
1182,6-8
1183,6-8
1184,1-1
1185,6-19
1186,4-7
1187,1-9
1188,6-31
1189,5-12
1190,6-8
1191,6-21
1192,2-25
1193,1-10
1194,2-33
1195,10-26
1196,2-33
1197,6-20
1198,2-25
1199,9-23
1200,8-18
1201,2-14
1202,2-2
1203,6-29
1204,6-13
1205,6-19
1206,2-6
1207,2-11
1208,1-4
1209,5-22
1210,6-29
1211,6-29
1212,1-10
1213,6-32
1214,6-34
1215,1-10
1216,2-25
1217,5-22
1218,1-4
1219,6-34
1220,6-32
1221,6-19
1222,2-11
1223,5-30
1224,6-15
1225,8-27
1226,6-28
1227,2-33
1228,6-13
1229,6-31
1230,8-27
1231,7-16
1232,7-16
1233,5-30
1234,4-7
1235,6-28
1236,6-19
1237,2-33
1238,2-33
1239,6-15
1240,10-26
1241,8-18
1242,6-8
1243,5-30
1244,5-35
1245,7-16
1246,6-32
1247,5-12
1248,5-12
1249,1-4
1250,7-16
1251,2-3
1252,1-10
1253,6-13
1254,6-15
1255,6-29
1256,4-7
1257,8-27
1258,7-16
1259,6-31
1260,5-35
1261,5-22
1262,5-35
1263,1-4
1264,2-17
1265,5-24
1266,5-35
1267,5-30
1268,2-25
1269,2-14
1270,6-31
1271,6-13
1272,6-15
1273,8-18
1274,6-34
1275,2-25
1276,2-17
1277,6-8
1278,2-11
1279,2-3
1280,6-31
1281,7-16
1282,6-20
1283,5-30
1284,1-4
1285,6-19
1286,7-16
1287,2-3
1288,6-8
1289,6-15
1290,6-32
1291,6-13
1292,9-23
1293,10-26
1294,10-26
1295,8-27
1296,6-28
1297,5-35
1298,1-9
1299,8-18
1300,7-16
1301,8-18
1302,6-31
1303,1-9
1304,6-15
1305,1-4
1306,6-29
1307,6-31
1308,6-32
1309,1-1
1310,1-1
1311,2-25
1312,6-8
1313,6-21
1314,6-15
1315,1-4
1316,8-27
1317,6-8
1318,7-16
1319,6-31
1320,8-18
1321,6-28
1322,9-23
1323,2-33
1324,2-17
1325,1-1
1326,6-31
1327,8-18
1328,6-34
1329,1-9
1330,5-35
1331,5-22
1332,2-14
1333,9-23
1334,5-12
1335,6-19
1336,2-3
1337,10-26
1338,5-35
1339,6-21
1340,2-17
1341,6-20
1342,9-23
1343,5-35
1344,2-25
1345,1-1
1346,8-27
1347,6-32
1348,2-25
1349,2-6
1350,5-12
1351,1-9
1352,2-17
1353,2-11
1354,5-30
1355,6-8
1356,9-23
1357,6-28
1358,3-5
1359,6-13
1360,6-32
1361,5-35
1362,1-9
1363,2-33
1364,4-7
1365,6-19
1366,1-9
1367,1-9
1368,9-23
1369,5-24
1370,2-17
1371,4-7
1372,9-23
1373,6-20
1374,7-16
1375,5-12
1376,6-15
1377,3-5
1378,1-4
1379,6-15
1380,6-32
1381,2-17
1382,5-22
1383,1-4
1384,5-35
1385,6-8
1386,4-7
1387,5-22
1388,3-5
1389,2-11
1390,2-2
1391,2-6
1392,4-7
1393,4-7
1394,2-6
1395,6-34
1396,6-31
1397,2-33
1398,6-8
1399,4-7
1400,2-25
1401,9-23
1402,8-27
1403,1-9
1404,2-6
1405,1-9
1406,5-12
1407,5-24
1408,7-16
1409,1-10
1410,2-14
1411,6-28
1412,1-1
1413,2-33
1414,6-29
1415,1-10
1416,6-32
1417,6-32
1418,6-21
1419,5-22
1420,6-13
1421,2-17
1422,4-7
1423,2-14
1424,6-34
1425,3-5
1426,2-11
1427,2-14
1428,5-35
1429,8-18
1430,2-14
1431,1-9
1432,6-34
1433,5-12
1434,5-30
1435,1-10
1436,2-6
1437,5-35
1438,2-14
1439,6-19
1440,5-24
1441,6-8
1442,2-14
1443,9-23
1444,10-26
1445,8-18
1446,2-11
1447,2-17
1448,6-13
1449,6-31
1450,5-12
1451,6-19
1452,1-10
1453,2-11
1454,6-28
1455,8-27
1456,10-26
1457,1-4
1458,2-25
1459,6-15
1460,6-21
1461,6-21
1462,1-4
1463,1-10
1464,2-25
1465,6-29
1466,1-4
1467,1-10
1468,2-17
1469,6-15
1470,6-20
1471,6-19
1472,1-10
1473,2-25
1474,6-19
1475,1-10
1476,6-29
1477,5-12
1478,1-10
1479,6-29
1480,2-2
1481,6-13
1482,1-4
1483,5-30
1484,6-19
1485,6-29
1486,1-4
1487,5-22
1488,1-4
1489,5-35
1490,8-27
1491,5-22
1492,6-21
1493,2-33
1494,2-25
1495,4-7
1496,2-6
1497,6-21
1498,10-26
1499,6-32
1500,6-28
1501,6-19
1502,6-20
1503,8-18
1504,6-28
1505,6-13
1506,2-33
1507,2-3
1508,8-27
1509,1-9
1510,2-11
1511,6-28
1512,5-35
1513,1-4
1514,2-14
1515,2-3
1516,10-26
1517,6-29
1518,6-32
1519,9-23
1520,5-12
1521,4-7
1522,1-4
1523,2-25
1524,5-22
1525,1-10
1526,6-31
1527,1-4
1528,2-3
1529,6-19
1530,4-7
1531,5-35
1532,6-19
1533,2-25
1534,2-33
1535,4-7
1536,5-22
1537,9-23
1538,8-27
1539,6-20
1540,2-25
1541,5-35
1542,2-6
1543,5-30
1544,2-3
1545,1-1
1546,4-7
1547,1-4
1548,5-12
1549,5-12
1550,6-8
1551,6-20
1552,2-33
1553,3-5
1554,5-24
1555,6-29
1556,6-20
1557,6-21
1558,2-2
1559,2-17
1560,2-25
1561,1-9
1562,6-28
1563,4-7
1564,3-5
1565,2-17
1566,1-9
1567,6-13
1568,7-16
1569,3-5
1570,2-14
1571,7-16
1572,2-11
1573,6-15
1574,10-26
1575,2-14
1576,2-11
1577,9-23
1578,2-33
1579,2-17
1580,1-1
1581,10-26
1582,1-9
1583,8-18
1584,6-8
1585,1-4
1586,5-12
1587,6-29
1588,2-11
1589,5-35
1590,6-31
1591,5-24
1592,2-11
1593,6-31
1594,5-22
1595,2-6
1596,6-31
1597,6-34
1598,4-7
1599,2-33
1600,9-23
1601,2-33
1602,1-1
1603,6-8
1604,6-21
1605,6-8
1606,2-6
1607,6-13
1608,1-9
1609,6-20
1610,5-35
1611,2-33
1612,8-27
1613,2-6
1614,6-20
1615,5-35
1616,5-30
1617,1-10
1618,6-8
1619,5-30
1620,6-20
1621,1-1
1622,2-2
1623,2-17
1624,5-35
1625,5-24
1626,6-20
1627,5-22
1628,3-5
1629,2-2
1630,5-22
1631,6-29
1632,2-11
1633,2-17
1634,6-20
1635,1-10
1636,6-21
1637,2-6
1638,2-3
1639,8-27
1640,5-12
1641,1-10
1642,6-21
1643,2-17
1644,2-14
1645,2-33
1646,5-24
1647,4-7
1648,5-30
1649,6-21
1650,1-10
1651,2-25
1652,2-25
1653,6-34
1654,1-9
1655,10-26
1656,5-12
1657,1-1
1658,6-13
1659,7-16
1660,6-13
1661,1-10
1662,6-31
1663,1-4
1664,2-25
1665,10-26
1666,1-1
1667,6-15
1668,6-20
1669,1-10
1670,1-4
1671,6-29
1672,6-28
1673,3-5
1674,5-22
1675,7-16
1676,6-13
1677,5-24
1678,9-23
1679,10-26
1680,1-4
1681,2-3
1682,1-1
1683,6-31
1684,2-14
1685,6-28
1686,10-26
1687,2-2
1688,7-16
1689,2-3
1690,6-29
1691,1-4
1692,1-1
1693,6-21
1694,2-11
1695,1-10
1696,5-35
1697,2-17
1698,1-1
1699,5-12
1700,6-31
1701,5-30
1702,3-5
1703,2-25
1704,3-5
1705,6-32
1706,6-15
1707,6-15
1708,5-35
1709,6-31
1710,6-21
1711,2-6
1712,5-22
1713,5-30
1714,7-16
1715,10-26
1716,6-28
1717,6-8
1718,2-33
1719,1-1
1720,5-12
1721,6-34
1722,6-28
1723,6-32
1724,2-17
1725,6-8
1726,2-6
1727,5-12
1728,6-21
1729,1-1
1730,9-23
1731,6-15
1732,10-26
1733,1-10
1734,8-27
1735,4-7
1736,5-35
1737,6-20
1738,6-34
1739,6-19
1740,2-17
1741,5-12
1742,2-3
1743,6-29
1744,6-21
1745,7-16
1746,6-34
1747,5-35
1748,5-12
1749,2-6
1750,5-30
1751,6-31
1752,6-8
1753,6-13
1754,3-5
1755,1-4
1756,5-35
1757,1-4
1758,2-6
1759,2-3
1760,2-33
1761,6-34
1762,7-16
1763,2-11
1764,2-11
1765,6-29
1766,6-20
1767,2-14
1768,6-13
1769,2-33
1770,5-24
1771,10-26
1772,6-32
1773,2-6
1774,6-28
1775,8-27
1776,6-31
1777,6-31
1778,2-25
1779,6-21
1780,10-26
1781,3-5
1782,1-9
1783,6-32
1784,5-35
1785,1-9
1786,6-19
1787,5-24
1788,1-10
1789,6-32
1790,3-5
1791,6-32
1792,6-28
1793,2-3
1794,9-23
1795,9-23
1796,5-12
1797,6-34
1798,6-8
1799,2-2
1800,1-4
1801,8-27
1802,2-17
1803,2-11
1804,6-15
1805,10-26
1806,8-18
1807,6-20
1808,6-29
1809,2-17
1810,2-6
1811,2-33
1812,6-20
1813,6-29
1814,2-14
1815,2-6
1816,8-18
1817,5-24
1818,2-14
1819,3-5
1820,5-24
1821,2-11
1822,2-25
1823,2-2
1824,5-35
1825,2-3
1826,1-1
1827,1-10
1828,10-26
1829,2-17
1830,2-14
1831,2-33
1832,2-3
1833,8-27
1834,6-31
1835,6-32
1836,5-24
1837,2-3
1838,6-34
1839,7-16
1840,1-9
1841,2-2
1842,2-25
1843,4-7
1844,2-2
1845,5-24
1846,9-23
1847,6-32
1848,5-30
1849,1-9
1850,2-2
1851,6-19
1852,5-30
1853,6-20
1854,5-24
1855,2-6
1856,8-27
1857,5-22
1858,1-1
1859,2-11
1860,6-8
1861,1-1
1862,2-17
1863,6-29
1864,2-14
1865,2-33
1866,1-1
1867,6-32
1868,4-7
1869,5-30
1870,8-18
1871,5-35
1872,5-35
1873,1-1
1874,6-13
1875,5-24
1876,1-10
1877,6-8
1878,6-32
1879,6-32
1880,6-20
1881,1-1
1882,9-23
1883,6-34
1884,1-9
1885,2-11
1886,6-32
1887,5-24
1888,2-33
1889,5-30
1890,5-30
1891,9-23
1892,5-30
1893,6-34
1894,1-4
1895,10-26
1896,5-24
1897,8-27
1898,2-17
1899,6-20
1900,6-28
1901,2-17
1902,2-6
1903,2-25
1904,6-21
1905,1-4
1906,6-13
1907,5-35
1908,2-33
1909,2-6
1910,6-15
1911,6-34
1912,6-34
1913,2-17
1914,6-29
1915,2-6
1916,6-28
1917,5-22
1918,6-28
1919,2-14
1920,6-15
1921,1-10
1922,5-30
1923,5-24
1924,2-2
1925,6-32
1926,2-6
1927,6-19
1928,8-27
1929,5-22
1930,6-34
1931,6-13
1932,5-12
1933,1-9
1934,6-19
1935,1-4
1936,4-7
1937,2-33
1938,6-19
1939,7-16
1940,1-10
1941,2-17
1942,2-3
1943,6-8
1944,1-10
1945,6-19
1946,6-31
1947,2-2
1948,1-1
1949,9-23
1950,2-2
1951,1-1
1952,2-14
1953,4-7
1954,1-1
1955,2-2
1956,1-9
1957,2-11
1958,1-1
1959,4-7
1960,6-21
1961,6-32
1962,6-21
1963,6-19
1964,6-34
1965,2-3
1966,2-11
1967,2-17
1968,5-35
1969,6-34
1970,1-9
1971,6-34
1972,8-27
1973,6-20
1974,1-10
1975,1-9
1976,6-34
1977,8-18
1978,2-17
1979,6-21
1980,6-20
1981,10-26
1982,2-3
1983,2-3
1984,3-5
1985,4-7
1986,2-14
1987,6-19
1988,6-21
1989,7-16
1990,1-9
1991,5-35
1992,6-15
1993,5-22
1994,3-5
1995,2-3
1996,5-30
1997,8-18
1998,2-14
1999,6-21
2000,10-26
2001,2-17
2002,1-9
2003,5-35
2004,2-25
2005,4-7
2006,2-14
2007,5-24
2008,1-9
2009,2-25
2010,9-23
2011,5-24
2012,6-21
2013,1-4
2014,6-15
2015,8-27
2016,5-30
2017,8-18
2018,2-14
2019,1-4
2020,6-15
2021,9-23
2022,8-27
2023,2-3
2024,1-10
2025,5-24
2026,10-26
2027,1-9
2028,1-9
2029,2-17
2030,6-34
2031,1-1
2032,6-29
2033,5-35
2034,5-12
2035,5-22
2036,5-24
2037,2-25
2038,6-29
2039,8-18
2040,6-21
2041,1-10
2042,2-3
2043,2-14
2044,2-3
2045,8-27
2046,4-7
2047,8-27
2048,1-10
2049,6-8
2050,6-15
2051,6-19
2052,2-6
2053,6-20
2054,2-17
2055,6-8
2056,1-1
2057,6-34
2058,6-34
2059,6-21
2060,2-3
2061,9-23
2062,2-3
2063,6-15
2064,2-33
2065,9-23
2066,1-1
2067,6-28
2068,4-7
2069,6-19
2070,6-13
2071,5-30
2072,6-13
2073,5-35
2074,5-24
2075,8-18
2076,2-6
2077,6-34
2078,6-28
2079,2-33
2080,2-14
2081,6-29
2082,8-18
2083,6-15
2084,4-7
2085,10-26
2086,6-15
2087,3-5
2088,2-17
2089,6-19
2090,2-33
2091,5-30
2092,6-15
2093,9-23
2094,6-20
2095,6-19
2096,6-28
2097,2-3
2098,2-25
2099,10-26
2100,5-30
2101,2-3
2102,5-24
2103,6-15
2104,4-7
2105,6-31
2106,1-4
2107,9-23
2108,8-18
2109,3-5
2110,2-3
2111,2-25
2112,6-28
2113,9-23
2114,6-32
2115,6-8
2116,6-13
2117,2-25
2118,6-8
2119,6-19
2120,6-32
2121,6-20
2122,1-1
2123,1-9
2124,6-19
2125,6-13
2126,6-21
2127,6-32
2128,6-34
2129,6-19
2130,6-29
2131,8-18
2132,5-22
2133,9-23
2134,6-28
2135,6-21
2136,6-34
2137,8-27
2138,3-5
2139,7-16
2140,5-30
2141,2-25
2142,1-1
2143,2-25
2144,6-20
2145,4-7
2146,2-6
2147,2-14
2148,6-19
2149,6-34
2150,8-18
2151,6-28
2152,8-27
2153,6-8
2154,6-8
2155,2-33
2156,6-8
2157,3-5
2158,6-34
2159,2-11
2160,8-18
2161,2-25
2162,7-16
2163,5-12
2164,6-20
2165,5-24
2166,6-28
2167,6-28
2168,6-8
2169,2-14
2170,6-15
2171,1-1
2172,6-28
2173,6-32
2174,6-8
2175,5-30
2176,1-9
2177,2-11
2178,1-10
2179,6-31
2180,6-31
2181,2-11
2182,1-9
2183,2-11
2184,2-25
2185,6-28
2186,6-8
2187,8-27
2188,2-6
2189,1-9
2190,5-22
2191,5-22
2192,5-30
2193,2-11
2194,1-10
2195,5-12
2196,1-9
2197,1-9
2198,6-15
2199,6-15
2200,2-17
2201,6-13
2202,2-11
2203,6-32
2204,1-1
2205,9-23
2206,5-35
2207,6-13
2208,6-20
2209,5-22
2210,4-7
2211,5-24
2212,5-30
2213,3-5
2214,6-29
2215,2-3
2216,6-29
2217,1-4
2218,2-17
2219,2-14
2220,6-15
2221,1-10
2222,9-23
2223,5-24
2224,1-10
2225,2-6
2226,6-28
2227,2-25
2228,6-15
2229,6-29
2230,1-9
2231,6-13
2232,6-20
2233,5-35
2234,5-24
2235,3-5
2236,6-19
2237,2-6
2238,7-16
2239,5-24
2240,6-21
2241,2-2
2242,1-1
2243,6-21
2244,1-4
2245,4-7
2246,2-2
2247,6-32
2248,2-11
2249,2-25
2250,2-14
2251,2-3
2252,1-9
2253,3-5
2254,6-8
2255,1-4
2256,8-27
2257,8-27
2258,6-15
2259,5-35
2260,6-20
2261,1-1
2262,10-26
2263,7-16
2264,7-16
2265,1-1
2266,8-27
2267,6-31
2268,5-12
2269,2-25
2270,5-22
2271,6-28
2272,6-31
2273,6-19
2274,6-34
2275,1-10
2276,2-25
2277,2-14
2278,5-24
2279,6-20
2280,2-2
2281,3-5
2282,2-2
2283,1-10
2284,2-25
2285,1-1
2286,1-9
2287,7-16
2288,2-14
2289,9-23
2290,1-1
2291,6-31
2292,9-23
2293,2-11
2294,8-27
2295,2-11
2296,6-28
2297,1-4
2298,6-21
2299,6-13
2300,8-18
2301,6-28
2302,6-28
2303,9-23
2304,5-12
2305,2-33
2306,8-27
2307,4-7
2308,4-7
2309,2-25
2310,6-19
2311,6-28
2312,6-19
2313,2-11
2314,6-21
2315,6-13
2316,5-22
2317,2-33
2318,6-32
2319,6-19
2320,2-11
2321,6-34
2322,9-23
2323,5-35
2324,1-1
2325,6-31
2326,6-13
2327,6-8
2328,6-15
2329,2-11
2330,2-11
2331,6-28
2332,6-28
2333,2-17
2334,6-21
2335,2-25
2336,5-30
2337,6-34
2338,6-31
2339,1-4
2340,2-3
2341,6-15
2342,2-6
2343,6-8
2344,8-18
2345,10-26
2346,6-20
2347,2-17
2348,10-26
2349,6-8
2350,3-5
2351,5-22
2352,2-3
2353,5-24
2354,2-2
2355,6-21
2356,6-32
2357,1-1
2358,7-16
2359,10-26
2360,6-34
2361,5-22
2362,2-3
2363,2-33
2364,5-24
2365,8-18
2366,6-20
2367,10-26
2368,5-12
2369,3-5
2370,6-19
2371,6-32
2372,6-19
2373,2-25
2374,5-12
2375,1-9
2376,9-23
2377,6-34
2378,1-9
2379,5-24
2380,5-22
2381,4-7
2382,10-26
2383,6-8
2384,1-4
2385,9-23
2386,2-14
2387,6-13
2388,8-18
2389,10-26
2390,2-2
2391,6-29
2392,7-16
2393,2-3
2394,2-6
2395,5-30
2396,1-9
2397,6-21
2398,2-17
2399,6-19
2400,2-14
2401,7-16
2402,6-31
2403,8-27
2404,8-18
2405,2-2
2406,3-5
2407,5-35
2408,2-25
2409,5-12
2410,2-14
2411,8-27
2412,3-5
2413,2-6
2414,2-17
2415,6-21
2416,7-16
2417,2-25
2418,1-4
2419,9-23
2420,1-9
2421,7-16
2422,2-25
2423,8-27
2424,2-25
2425,2-6
2426,6-32
2427,4-7
2428,1-4
2429,6-20
2430,6-32
2431,6-13
2432,1-1
2433,6-34
2434,5-30
2435,8-27
2436,6-20
2437,9-23
2438,2-14
2439,6-15
2440,4-7
2441,2-33
2442,1-9
2443,6-13
2444,2-25
2445,6-19
2446,6-21
2447,6-15
2448,4-7
2449,2-25
2450,1-9
2451,5-30
2452,4-7
2453,1-9
2454,6-34
2455,1-9
2456,6-19
2457,1-9
2458,6-29
2459,5-22
2460,5-35
2461,6-20
2462,6-29
2463,2-6
2464,5-35
2465,6-15
2466,2-33
2467,6-19
2468,2-25
2469,6-8
2470,9-23
2471,8-27
2472,1-1
2473,1-4
2474,6-20
2475,1-4
2476,6-13
2477,2-25
2478,2-17
2479,2-6
2480,2-2
2481,6-20
2482,1-1
2483,5-30
2484,6-8
2485,1-1
2486,5-24
2487,6-32
2488,5-22
2489,1-10
2490,5-22
2491,1-1
2492,2-3
2493,2-2
2494,2-25
2495,5-22
2496,7-16
2497,6-19
2498,5-24
2499,5-35
2500,6-8
2501,7-16
2502,2-25
2503,5-30
2504,8-18
2505,2-25
2506,5-24
2507,5-22
2508,2-14
2509,6-29
2510,6-20
2511,6-15
2512,1-10
2513,2-33
2514,6-21
2515,6-8
2516,6-31
2517,6-34
2518,2-2
2519,7-16
2520,8-18
2521,2-17
2522,3-5
2523,2-25
2524,1-4
2525,1-9
2526,2-3
2527,6-19
2528,10-26
2529,5-35
2530,7-16
2531,2-6
2532,1-4
2533,10-26
2534,2-11
2535,6-20
2536,5-12
2537,6-34
2538,1-10
2539,6-20
2540,2-33
2541,6-29
2542,2-3
2543,6-15
2544,2-14
2545,6-32
2546,6-8
2547,2-17
2548,2-2
2549,5-22
2550,4-7
2551,2-6
2552,5-22
2553,1-9
2554,1-10
2555,5-24
2556,6-29
2557,2-33
2558,6-21
2559,1-4
2560,2-3
2561,6-31
2562,8-18
2563,2-25
2564,8-27
2565,7-16
2566,6-32
2567,5-35
2568,6-15
2569,6-29
2570,6-32
2571,1-1
2572,4-7
2573,6-28
2574,2-2
2575,6-13
2576,6-34
2577,5-24
2578,8-18
2579,2-11
2580,1-9
2581,4-7
2582,1-4
2583,5-24
2584,4-7
2585,10-26
2586,2-11
2587,2-2
2588,6-28
2589,2-11
2590,4-7
2591,6-21
2592,4-7
2593,2-33
2594,2-14
2595,6-8
2596,10-26
2597,10-26
2598,7-16
2599,2-3
2600,5-12
2601,2-11
2602,1-4
2603,10-26
2604,6-20
2605,2-3
2606,2-14
2607,2-3
2608,2-11
2609,9-23
2610,7-16
2611,2-14
2612,5-12
2613,1-9
2614,5-30
2615,5-22
2616,5-22
2617,5-24
2618,6-13
2619,4-7
2620,2-14
2621,6-15
2622,6-34
2623,2-2
2624,6-21
2625,5-12
2626,2-14
2627,5-12
2628,6-19
2629,6-31
2630,5-30
2631,5-12
2632,6-15
2633,5-12
2634,2-33
2635,3-5
2636,8-18
2637,6-15
2638,2-3
2639,7-16
2640,1-1
2641,5-30
2642,2-3
2643,6-31
2644,5-30
2645,6-32
2646,9-23
2647,3-5
2648,10-26
2649,2-25
2650,6-32
2651,1-9
2652,10-26
2653,1-9
2654,2-25
2655,2-17
2656,6-15
2657,6-32
2658,10-26
2659,2-3
2660,6-13
2661,1-9
2662,2-11
2663,1-1
2664,1-10
2665,5-35
2666,6-31
2667,6-34
2668,2-3
2669,6-31
2670,5-35
2671,8-27
2672,1-4
2673,5-22
2674,3-5
2675,5-22
2676,6-21
2677,5-22
2678,2-14
2679,2-33
2680,6-29
2681,1-4
2682,6-13
2683,5-22
2684,6-8
2685,4-7
2686,1-4
2687,6-28
2688,5-35
2689,2-17
2690,7-16
2691,10-26
2692,5-35
2693,2-2
2694,2-25
2695,6-34
2696,2-2
2697,6-21
2698,8-27
2699,2-6
2700,1-1
2701,6-29
2702,6-29
2703,2-17
2704,8-18
2705,6-15
2706,6-19
2707,8-27
2708,5-22
2709,6-34
2710,5-35
2711,6-15
2712,2-17
2713,5-24
2714,6-21
2715,1-4
2716,6-21
2717,2-11
2718,8-27
2719,8-18
2720,1-4
2721,6-28
2722,6-28
2723,1-1
2724,6-21
2725,2-25
2726,4-7
2727,1-10
2728,6-8
2729,6-19
2730,5-24
2731,1-1
2732,6-34
2733,5-22
2734,4-7
2735,5-30
2736,5-22
2737,2-3
2738,6-8
2739,5-24
2740,5-35
2741,8-27
2742,10-26
2743,2-11
2744,3-5
2745,2-6
2746,6-20
2747,5-30
2748,6-28
2749,1-10
2750,6-34
2751,9-23
2752,2-25
2753,2-25
2754,6-29
2755,2-2
2756,1-9
2757,1-1
2758,2-6
2759,6-19
2760,2-14
2761,1-4
2762,1-9
2763,6-13
2764,5-35
2765,6-8
2766,6-21
2767,2-3
2768,6-21
2769,5-12
2770,2-3
2771,5-30
2772,6-34
2773,6-28
2774,5-22
2775,1-9
2776,2-2
2777,5-30
2778,3-5
2779,2-11
2780,5-30
2781,6-34
2782,6-31
2783,1-10
2784,2-14
2785,5-30
2786,6-13
2787,2-25
2788,6-20
2789,6-15
2790,6-32
2791,6-21
2792,6-19
2793,5-30
2794,1-4
2795,7-16
2796,1-4
2797,6-29
2798,6-21
2799,5-12
2800,5-35
2801,9-23
2802,2-25
2803,6-15
2804,6-21
2805,10-26
2806,10-26
2807,2-25
2808,10-26
2809,1-4
2810,5-30
2811,6-15
2812,6-8
2813,6-20
2814,6-15
2815,6-34
2816,2-17
2817,6-19
2818,2-33
2819,3-5
2820,8-18
2821,2-14
2822,8-27
2823,6-13
2824,6-20
2825,8-27
2826,1-4
2827,6-29
2828,5-12
2829,2-2
2830,6-28
2831,5-22
2832,6-32
2833,6-20
2834,6-21
2835,2-25
2836,2-11
2837,10-26
2838,6-8
2839,2-14
2840,6-34
2841,5-30
2842,2-14
2843,6-8
2844,2-14
2845,4-7
2846,1-10
2847,2-2
2848,2-25
2849,5-22
2850,8-27
2851,6-34
2852,3-5
2853,2-6
2854,2-25
2855,7-16
2856,9-23
2857,8-18
2858,2-11
2859,6-29
2860,2-33
2861,8-18
2862,3-5
2863,2-3
2864,2-25
2865,6-21
2866,5-35
2867,6-20
2868,5-22
2869,1-4
2870,7-16
2871,6-32
2872,2-11
2873,6-20
2874,1-10
2875,2-6
2876,6-32
2877,6-20
2878,5-12
2879,2-25
2880,2-17
2881,6-13
2882,6-20
2883,2-3
2884,1-10
2885,6-28
2886,1-10
2887,6-8
2888,6-19
2889,5-35
2890,5-35
2891,6-20
2892,1-9
2893,1-4
2894,7-16
2895,2-14
2896,6-28
2897,6-8
2898,6-29
2899,6-34
2900,5-30
2901,6-15
2902,1-10
2903,1-10
2904,6-21
2905,3-5
2906,5-22
2907,2-6
2908,8-27
2909,6-32
2910,6-15
2911,2-3
2912,2-17
2913,5-24
2914,5-24
2915,2-14
2916,6-21
2917,2-33
2918,2-33
2919,6-34
2920,2-3
2921,6-15
2922,5-30
2923,6-28
2924,3-5
2925,5-22
2926,6-20
2927,5-24
2928,6-32
2929,5-12
2930,6-29
2931,6-13
2932,2-17
2933,2-33
2934,8-27
2935,6-34
2936,6-13
2937,6-19
2938,2-17
2939,5-24
2940,6-34
2941,6-15
2942,2-2
2943,7-16
2944,6-15
2945,5-22
2946,2-25
2947,1-9
2948,4-7
2949,1-9
2950,3-5
2951,6-28
2952,8-27
2953,6-31
2954,6-32
2955,5-22
2956,6-29
2957,6-32
2958,9-23
2959,6-28
2960,5-22
2961,1-9
2962,8-18
2963,2-33
2964,9-23
2965,3-5
2966,6-15
2967,2-33
2968,6-19
2969,2-2
2970,5-22
2971,9-23
2972,1-9
2973,6-28
2974,6-20
2975,6-20
2976,2-3
2977,5-30
2978,7-16
2979,3-5
2980,2-25
2981,2-6
2982,7-16
2983,5-30
2984,5-24
2985,1-9
2986,6-13
2987,6-31
2988,6-28
2989,6-19
2990,8-27
2991,1-9
2992,2-14
2993,10-26
2994,10-26
2995,5-24
2996,2-17
2997,8-27
2998,6-29
2999,2-11
3000,6-32
3001,5-30
3002,4-7
3003,6-20
3004,1-10
3005,2-2
3006,2-14
3007,2-3
3008,1-9
3009,9-23
3010,1-10
3011,5-12
3012,6-15
3013,6-29
3014,5-12
3015,10-26
3016,1-4
3017,7-16
3018,1-1
3019,10-26
3020,8-27
3021,6-28
3022,8-27
3023,2-33
3024,4-7
3025,1-4
3026,2-2
3027,6-19
3028,2-14
3029,6-32
3030,2-33
3031,1-1
3032,1-4
3033,9-23
3034,5-30
3035,8-27
3036,8-18
3037,8-18
3038,6-15
3039,8-27
3040,6-15
3041,5-12
3042,7-16
3043,2-14
3044,3-5
3045,4-7
3046,5-22
3047,6-21
3048,1-4
3049,6-13
3050,5-24
3051,6-8
3052,2-17
3053,1-9
3054,6-13
3055,6-34
3056,6-29
3057,6-28
3058,6-28
3059,6-34
3060,7-16
3061,8-18
3062,4-7
3063,6-8
3064,6-8
3065,6-31
3066,6-8
3067,2-17
3068,1-9
3069,2-25
3070,7-16
3071,2-25
3072,2-2
3073,2-6
3074,6-31
3075,6-32
3076,6-31
3077,8-27
3078,2-2
3079,1-1
3080,6-34
3081,2-14
3082,6-19
3083,2-3
3084,2-25
3085,2-2
3086,7-16
3087,2-3
3088,9-23
3089,3-5
3090,2-33
3091,5-12
3092,2-14
3093,6-20
3094,2-3
3095,2-2
3096,2-2
3097,6-28
3098,7-16
3099,6-15
3100,8-27
3101,6-31
3102,6-20
3103,1-9
3104,6-15
3105,1-1
3106,9-23
3107,6-20
3108,2-2
3109,6-19
3110,8-27
3111,1-4
3112,1-4
3113,5-22
3114,4-7
3115,2-2
3116,6-21
3117,7-16
3118,1-9
3119,1-1
3120,6-21
3121,10-26
3122,4-7
3123,6-31
3124,1-10
3125,2-6
3126,10-26
3127,6-31
3128,1-9
3129,10-26
3130,5-12
3131,6-32
3132,2-6
3133,6-34
3134,1-4
3135,6-20
3136,2-11
3137,1-1
3138,1-10
3139,1-1
3140,6-13
3141,2-11
3142,7-16
3143,2-11
3144,7-16
3145,6-32
3146,1-1
3147,6-28
3148,2-3
3149,6-28
3150,6-32
3151,2-11
3152,7-16
3153,1-10
3154,6-31
3155,6-21
3156,1-9
3157,6-21
3158,5-12
3159,6-31
3160,10-26
3161,6-34
3162,2-2
3163,3-5
3164,6-13
3165,6-21
3166,6-29
3167,2-3
3168,6-15
3169,7-16
3170,1-4
3171,5-35
3172,5-24
3173,8-18
3174,7-16
3175,6-13
3176,6-28
3177,2-3
3178,6-32
3179,5-35
3180,2-25
3181,2-25
3182,5-12
3183,5-24
3184,2-11
3185,6-32
3186,2-25
3187,10-26
3188,6-32
3189,5-35
3190,5-24
3191,6-13
3192,4-7
3193,2-14
3194,6-21
3195,5-24
3196,6-21
3197,1-10
3198,6-15
3199,4-7
3200,6-20
3201,1-10
3202,6-29
3203,2-3
3204,6-13
3205,6-13
3206,6-34
3207,2-6
3208,9-23
3209,1-9
3210,6-20
3211,1-10
3212,5-12
3213,6-13
3214,6-29
3215,6-28
3216,9-23
3217,2-25
3218,6-21
3219,8-18
3220,2-17
3221,8-27
3222,1-4
3223,4-7
3224,6-21
3225,5-35
3226,2-6
3227,6-32
3228,6-8
3229,5-24
3230,2-14
3231,1-10
3232,1-1
3233,1-9
3234,10-26
3235,6-15
3236,2-11
3237,5-22
3238,5-30
3239,6-32
3240,6-20
3241,9-23
3242,6-34
3243,5-12
3244,2-6
3245,6-8
3246,7-16
3247,2-2
3248,10-26
3249,1-9
3250,8-27
3251,6-28
3252,6-21
3253,6-21
3254,7-16
3255,2-25
3256,6-19
3257,6-32
3258,8-27
3259,6-34
3260,9-23
3261,6-19
3262,6-32
3263,9-23
3264,6-32
3265,6-21
3266,1-9
3267,5-35
3268,1-10
3269,9-23
3270,3-5
3271,5-24
3272,6-20
3273,6-19
3274,2-3
3275,6-34
3276,7-16
3277,6-29
3278,1-4
3279,6-32
3280,5-24
3281,5-30
3282,5-22
3283,1-4
3284,2-25
3285,6-20
3286,4-7
3287,8-27
3288,1-10
3289,2-14
3290,5-30
3291,8-18
3292,2-11
3293,2-17
3294,5-35
3295,6-8
3296,2-2
3297,1-4
3298,6-19
3299,1-10
3300,5-22
3301,9-23
3302,7-16
3303,9-23
3304,10-26
3305,5-35
3306,6-31
3307,1-4
3308,5-24
3309,10-26
3310,1-1
3311,8-27
3312,6-15
3313,6-28
3314,2-2
3315,1-9
3316,6-21
3317,2-11
3318,2-33
3319,9-23
3320,2-11
3321,5-24
3322,2-14
3323,6-32
3324,10-26
3325,5-35
3326,7-16
3327,2-11
3328,10-26
3329,6-19
3330,2-3
3331,1-9
3332,5-22
3333,2-33
3334,2-25
3335,2-2
3336,1-9
3337,2-33
3338,4-7
3339,10-26
3340,6-28
3341,6-8
3342,6-19
3343,6-8
3344,8-27
3345,8-27
3346,10-26
3347,8-27
3348,6-28
3349,1-4
3350,5-12
3351,7-16
3352,6-21
3353,6-34
3354,6-20
3355,10-26
3356,2-33
3357,8-18
3358,2-17
3359,8-27
3360,2-11
3361,8-18
3362,6-32
3363,1-9
3364,1-10
3365,9-23
3366,9-23
3367,2-33
3368,1-9
3369,6-28
3370,6-34
3371,6-31
3372,6-32
3373,5-35
3374,3-5
3375,6-13
3376,8-27
3377,6-32
3378,3-5
3379,8-27
3380,2-14
3381,4-7
3382,10-26
3383,2-33
3384,6-19
3385,5-22
3386,1-10
3387,2-11
3388,5-35
3389,10-26
3390,5-30
3391,2-6
3392,1-4
3393,6-29
3394,2-33
3395,5-12
3396,5-22
3397,8-27
3398,6-29
3399,5-35
3400,5-30
3401,6-21
3402,6-19
3403,5-30
3404,6-29
3405,5-22
3406,6-21
3407,6-15
3408,2-33
3409,3-5
3410,8-27
3411,2-17
3412,10-26
3413,2-25
3414,3-5
3415,6-20
3416,5-22
3417,6-32
3418,7-16
3419,2-6
3420,2-2
3421,8-18
3422,1-1
3423,6-21
3424,6-28
3425,1-1
3426,5-30
3427,6-8
3428,5-24
3429,6-28
3430,2-14
3431,6-31
3432,10-26
3433,1-10
3434,5-12
3435,6-28
3436,5-35
3437,2-11
3438,6-31
3439,6-20
3440,6-20
3441,8-27
3442,6-19
3443,6-34
3444,1-1
3445,6-8
3446,2-33
3447,5-22
3448,9-23
3449,2-25
3450,2-3
3451,2-3
3452,3-5
3453,2-33
3454,6-13
3455,6-28
3456,7-16
3457,5-22
3458,5-35
3459,6-20
3460,6-21
3461,9-23
3462,5-24
3463,6-20
3464,8-27
3465,2-11
3466,2-6
3467,2-11
3468,6-20
3469,6-32
3470,6-29
3471,6-32
3472,1-1
3473,1-4
3474,2-6
3475,6-20
3476,6-31
3477,8-18
3478,5-30
3479,2-25
3480,6-28
3481,1-1
3482,2-11
3483,1-10
3484,1-9
3485,2-33
3486,2-2
3487,6-28
3488,5-12
3489,5-12
3490,6-31
3491,7-16
3492,9-23
3493,9-23
3494,5-12
3495,2-14
3496,2-3
3497,6-19
3498,6-29
3499,6-34
3500,6-21
3501,6-21
3502,8-27
3503,2-6
3504,6-29
3505,8-27
3506,8-27
3507,7-16
3508,6-34
3509,5-24
3510,8-27
3511,1-10
3512,2-14
3513,4-7
3514,1-4
3515,5-22
3516,1-10
3517,7-16
3518,6-21
3519,2-6
3520,6-31
3521,6-29
3522,10-26
3523,3-5
3524,3-5
3525,4-7
3526,3-5
3527,2-14
3528,2-33
3529,5-22
3530,6-13
3531,2-14
3532,6-13
3533,2-14
3534,5-35
3535,6-29
3536,6-8
3537,5-12
3538,10-26
3539,2-3
3540,2-11
3541,6-28
3542,6-31
3543,4-7
3544,2-33
3545,2-25
3546,1-10
3547,1-10
3548,2-6
3549,5-12
3550,8-18
3551,6-21
3552,6-28
3553,1-10
3554,6-21
3555,6-13
3556,3-5
3557,2-6
3558,2-11
3559,7-16
3560,2-17
3561,6-13
3562,2-14
3563,1-9
3564,10-26
3565,6-31
3566,6-21
3567,3-5
3568,8-27
3569,6-32
3570,1-9
3571,5-12
3572,5-12
3573,5-22
3574,6-29
3575,8-18
3576,6-21
3577,5-22
3578,6-13
3579,5-22
3580,6-20
3581,6-34
3582,6-32
3583,1-4
3584,2-11
3585,6-21
3586,1-10
3587,6-34
3588,1-9
3589,3-5
3590,1-10
3591,6-13
3592,8-27
3593,6-20
3594,9-23
3595,2-3
3596,6-20
3597,6-28
3598,2-25
3599,6-8
3600,6-21
3601,2-33
3602,5-12
3603,6-28
3604,3-5
3605,2-25
3606,6-19
3607,6-31
3608,6-28
3609,2-25
3610,3-5
3611,5-12
3612,9-23
3613,1-1
3614,2-6
3615,6-28
3616,9-23
3617,8-27
3618,6-34
3619,9-23
3620,3-5
3621,3-5
3622,6-21
3623,2-25
3624,6-19
3625,6-28
3626,7-16
3627,6-28
3628,6-21
3629,6-32
3630,5-35
3631,6-13
3632,5-24
3633,6-29
3634,6-8
3635,6-34
3636,4-7
3637,5-30
3638,7-16
3639,8-18
3640,1-1
3641,8-27
3642,1-10
3643,8-18
3644,4-7
3645,2-2
3646,2-14
3647,5-12
3648,1-4
3649,8-18
3650,8-18
3651,6-29
3652,9-23
3653,5-30
3654,3-5
3655,8-27
3656,6-32
3657,6-21
3658,5-12
3659,1-9
3660,2-17
3661,3-5
3662,2-2
3663,2-17
3664,2-2
3665,2-33
3666,5-35
3667,5-30
3668,6-21
3669,6-19
3670,5-22
3671,5-30
3672,6-8
3673,6-21
3674,5-22
3675,2-6
3676,8-18
3677,3-5
3678,6-21
3679,6-20
3680,7-16
3681,2-14
3682,2-3
3683,5-24
3684,1-4
3685,8-18
3686,5-24
3687,6-28
3688,6-29
3689,5-30
3690,5-12
3691,6-21
3692,8-18
3693,7-16
3694,5-22
3695,6-13
3696,6-8
3697,5-30
3698,3-5
3699,6-29
3700,2-6
3701,6-15
3702,6-19
3703,4-7
3704,7-16
3705,2-17
3706,2-14
3707,6-15
3708,10-26
3709,4-7
3710,2-6
3711,2-2
3712,2-25
3713,2-14
3714,1-10
3715,8-27
3716,2-33
3717,1-4
3718,6-28
3719,7-16
3720,2-3
3721,10-26
3722,2-6
3723,2-14
3724,6-15
3725,6-20
3726,2-17
3727,6-34
3728,1-9
3729,6-20
3730,8-27
3731,6-28
3732,6-21
3733,1-1
3734,1-10
3735,8-18
3736,7-16
3737,6-28
3738,2-3
3739,6-20
3740,6-29
3741,1-9
3742,6-20
3743,2-2
3744,5-35
3745,7-16
3746,6-28
3747,3-5
3748,2-14
3749,5-22
3750,6-32
3751,8-27
3752,8-27
3753,8-18
3754,6-31
3755,5-30
3756,1-10
3757,2-17
3758,5-24
3759,5-35
3760,1-1
3761,1-9
3762,5-30
3763,2-33
3764,6-29
3765,1-4
3766,7-16
3767,6-8
3768,6-31
3769,6-8
3770,1-10
3771,1-10
3772,9-23
3773,8-18
3774,5-24
3775,6-21
3776,1-10
3777,6-32
3778,3-5
3779,6-28
3780,7-16
3781,2-3
3782,6-21
3783,5-30
3784,6-31
3785,2-25
3786,6-8
3787,2-17
3788,2-2
3789,5-35
3790,6-19
3791,5-35
3792,5-30
3793,6-19
3794,6-13
3795,6-15
3796,6-21
3797,6-21
3798,1-1
3799,6-28
3800,2-11
3801,1-1
3802,8-18
3803,2-33
3804,1-10
3805,5-35
3806,6-8
3807,2-11
3808,5-30
3809,1-10
3810,6-13
3811,2-11
3812,5-22
3813,7-16
3814,8-27
3815,6-28
3816,4-7
3817,2-17
3818,6-21
3819,6-20
3820,2-11
3821,4-7
3822,2-25
3823,5-35
3824,5-35
3825,6-28
3826,8-18
3827,5-24
3828,2-14
3829,7-16
3830,2-3
3831,6-15
3832,1-10
3833,5-22
3834,2-14
3835,2-33
3836,1-1
3837,2-6
3838,6-21
3839,2-2
3840,6-28
3841,8-18
3842,5-35
3843,5-12
3844,10-26
3845,2-14
3846,3-5
3847,2-2
3848,6-28
3849,5-30
3850,6-34
3851,6-28
3852,7-16
3853,6-34
3854,5-24
3855,5-24
3856,6-31
3857,1-10
3858,2-14
3859,6-13
3860,1-9
3861,1-4
3862,6-32
3863,6-31
3864,6-34
3865,2-25
3866,5-24
3867,6-29
3868,9-23
3869,6-34
3870,9-23
3871,4-7
3872,5-12
3873,6-15
3874,2-33
3875,6-19
3876,1-10
3877,2-11
3878,6-13
3879,2-33
3880,6-19
3881,2-11
3882,6-32
3883,4-7
3884,2-17
3885,6-34
3886,2-2
3887,1-10
3888,5-30
3889,1-10
3890,6-19
3891,2-11
3892,5-22
3893,4-7
3894,6-13
3895,5-24
3896,2-33
3897,2-6
3898,7-16
3899,8-18
3900,6-20
3901,2-14
3902,6-32
3903,5-22
3904,4-7
3905,2-2
3906,3-5
3907,7-16
3908,5-35
3909,9-23
3910,1-10
3911,4-7
3912,8-18
3913,2-3
3914,1-4
3915,6-34
3916,6-21
3917,6-21
3918,5-35
3919,3-5
3920,7-16
3921,8-27
3922,6-34
3923,10-26
3924,6-28
3925,5-30
3926,5-30
3927,5-12
3928,5-24
3929,2-14
3930,5-30
3931,7-16
3932,5-12
3933,6-19
3934,5-30
3935,6-29
3936,9-23
3937,2-17
3938,5-22
3939,2-17
3940,6-29
3941,2-11
3942,10-26
3943,6-15
3944,7-16
3945,8-18
3946,6-19
3947,10-26
3948,8-18
3949,6-15
3950,6-13
3951,6-19
3952,2-17
3953,1-9
3954,1-4
3955,6-15
3956,6-34
3957,6-8
3958,2-3
3959,1-10
3960,1-10
3961,9-23
3962,6-34
3963,2-2
3964,6-32
3965,8-18
3966,2-3
3967,2-33
3968,5-30
3969,6-29
3970,4-7
3971,9-23
3972,2-11
3973,10-26
3974,1-4
3975,6-19
3976,2-2
3977,6-13
3978,5-22
3979,6-32
3980,2-3
3981,2-33
3982,1-1
3983,2-25
3984,7-16
3985,5-12
3986,5-24
3987,9-23
3988,6-29
3989,7-16
3990,6-8
3991,6-13
3992,6-13
3993,6-19
3994,6-20
3995,1-10
3996,2-17
3997,5-12
3998,6-29
3999,6-15
4000,5-12
4001,6-32
4002,5-22
4003,10-26
4004,7-16
4005,6-8
4006,6-29
4007,9-23
4008,8-18
4009,1-9
4010,2-11
4011,2-3
4012,2-25
4013,7-16
4014,6-34
4015,6-13
4016,2-25
4017,6-13
4018,6-28
4019,3-5
4020,10-26
4021,8-27
4022,2-17
4023,2-3
4024,7-16
4025,6-8
4026,6-29
4027,6-31
4028,1-4
4029,6-28
4030,6-20
4031,3-5
4032,6-8
4033,2-3
4034,4-7
4035,2-17
4036,6-19
4037,6-32
4038,6-32
4039,5-35
4040,6-21
4041,4-7
4042,6-15
4043,1-1
4044,6-21
4045,2-25
4046,6-8
4047,5-24
4048,2-6
4049,1-9
4050,9-23
4051,2-25
4052,4-7
4053,2-11
4054,9-23
4055,2-14
4056,2-11
4057,5-30
4058,6-13
4059,6-29
4060,7-16
4061,6-28
4062,6-21
4063,6-20
4064,6-29
4065,2-6
4066,6-28
4067,6-34
4068,2-33
4069,2-2
4070,6-28
4071,5-12
4072,2-14
4073,6-31
4074,6-29
4075,7-16
4076,2-3
4077,2-17
4078,1-9
4079,9-23
4080,7-16
4081,1-10
4082,1-10
4083,1-1
4084,2-17
4085,8-27
4086,1-9
4087,6-20
4088,6-13
4089,2-3
4090,5-12
4091,10-26
4092,2-11
4093,2-14
4094,5-22
4095,2-3
4096,2-2
4097,1-1
4098,1-4
4099,6-34
4100,6-28
4101,6-20
4102,2-3
4103,1-4
4104,5-30
4105,1-1
4106,2-17
4107,2-2
4108,6-21
4109,2-2
4110,5-12
4111,6-8
4112,5-12
4113,1-10
4114,6-13
4115,6-34
4116,5-12
4117,2-33
4118,10-26
4119,2-17
4120,2-14
4121,4-7
4122,6-8
4123,5-35
4124,1-4
4125,5-30
4126,9-23
4127,6-20
4128,4-7
4129,1-10
4130,10-26
4131,6-8
4132,6-29
4133,9-23
4134,6-32
4135,3-5
4136,1-1
4137,6-19
4138,2-11
4139,6-8
4140,6-8
4141,2-3
4142,6-8
4143,5-12
4144,2-33
4145,9-23
4146,6-19
4147,2-6
4148,6-28
4149,9-23
4150,2-3
4151,2-17
4152,2-25
4153,2-11
4154,6-31
4155,6-31
4156,1-10
4157,5-35
4158,6-28
4159,2-11
4160,6-32
4161,5-35
4162,5-35
4163,6-13
4164,8-27
4165,8-18
4166,5-35
4167,2-6
4168,6-21
4169,8-18
4170,5-30
4171,5-22
4172,1-4
4173,2-14
4174,2-3
4175,8-18
4176,4-7
4177,6-21
4178,2-6
4179,4-7
4180,5-12
4181,3-5
4182,6-19
4183,5-12
4184,1-1
4185,2-33
4186,2-17
4187,6-34
4188,6-20
4189,6-20
4190,5-24
4191,6-13
4192,1-4
4193,1-10
4194,1-10
4195,1-4
4196,6-31
4197,6-34
4198,2-3
4199,6-32
4200,2-14
4201,2-11
4202,6-8
4203,6-21
4204,6-13
4205,4-7
4206,6-8
4207,7-16
4208,5-12
4209,6-34
4210,2-17
4211,6-31
4212,2-33
4213,8-18
4214,2-3
4215,5-12
4216,6-20
4217,2-17
4218,10-26
4219,5-12
4220,9-23
4221,5-30
4222,9-23
4223,2-2
4224,5-22
4225,5-24
4226,4-7
4227,5-24
4228,2-6
4229,8-18
4230,6-15
4231,5-24
4232,2-3
4233,6-15
4234,9-23
4235,6-8
4236,2-14
4237,9-23
4238,1-10
4239,5-12
4240,6-19
4241,5-24
4242,8-27
4243,6-32
4244,5-35
4245,1-4
4246,10-26
4247,1-10
4248,6-21
4249,6-34
4250,1-10
4251,6-29
4252,9-23
4253,5-30
4254,6-13
4255,2-33
4256,1-1
4257,2-11
4258,6-19
4259,6-32
4260,3-5
4261,7-16
4262,7-16
4263,6-13
4264,10-26
4265,6-21
4266,5-35
4267,6-8
4268,2-33
4269,4-7
4270,5-30
4271,1-9
4272,5-35
4273,2-25
4274,7-16
4275,6-29
4276,4-7
4277,6-34
4278,4-7
4279,3-5
4280,8-27
4281,6-19
4282,8-18
4283,2-3
4284,6-31
4285,6-28
4286,5-12
4287,2-14
4288,2-14
4289,6-32
4290,8-27
4291,6-20
4292,1-4
4293,5-22
4294,5-35
4295,4-7
4296,1-4
4297,1-9
4298,7-16
4299,6-34
4300,6-31
4301,5-30
4302,9-23
4303,6-31
4304,2-6
4305,6-21
4306,5-24
4307,1-1
4308,10-26
4309,2-6
4310,6-34
4311,1-4
4312,2-2
4313,2-6
4314,5-24
4315,6-31
4316,7-16
4317,9-23
4318,1-9
4319,4-7
4320,2-33
4321,6-19
4322,6-19
4323,2-17
4324,2-14
4325,5-35
4326,5-30
4327,2-3
4328,1-1
4329,8-18
4330,2-17
4331,2-17
4332,2-33
4333,10-26
4334,6-8
4335,8-27
4336,1-10
4337,2-17
4338,5-35
4339,5-12
4340,1-4
4341,6-20
4342,6-8
4343,6-13
4344,1-9
4345,6-19
4346,6-15
4347,9-23
4348,6-19
4349,1-4
4350,6-32
4351,5-22
4352,2-14
4353,6-32
4354,6-20
4355,1-4
4356,6-13
4357,3-5
4358,8-27
4359,2-11
4360,5-30
4361,8-18
4362,6-32
4363,5-24
4364,9-23
4365,1-4
4366,5-22
4367,1-4
4368,1-1
4369,6-32
4370,6-28
4371,6-21
4372,6-21
4373,6-28
4374,6-13
4375,6-34
4376,1-10
4377,4-7
4378,1-1
4379,6-20
4380,2-6
4381,6-28
4382,7-16
4383,6-29
4384,2-2
4385,5-12
4386,5-35
4387,1-10
4388,3-5
4389,6-29
4390,2-6
4391,4-7
4392,2-14
4393,5-22
4394,4-7
4395,2-6
4396,6-15
4397,1-1
4398,6-34
4399,4-7
4400,6-31
4401,5-12
4402,1-1
4403,2-25
4404,2-3
4405,7-16
4406,6-21
4407,2-25
4408,9-23
4409,2-25
4410,6-32
4411,6-29
4412,5-30
4413,5-22
4414,6-8
4415,8-18
4416,5-30
4417,5-24
4418,1-9
4419,6-13
4420,6-20
4421,2-11
4422,6-13
4423,10-26
4424,2-2
4425,1-10
4426,9-23
4427,7-16
4428,2-14
4429,6-8
4430,6-19
4431,2-6
4432,6-20
4433,5-12
4434,1-10
4435,6-32
4436,9-23
4437,10-26
4438,6-29
4439,6-28
4440,5-30
4441,6-21
4442,6-8
4443,2-11
4444,2-17
4445,1-9
4446,5-35
4447,6-29
4448,6-34
4449,6-19
4450,5-24
4451,6-34
4452,10-26
4453,3-5
4454,2-11
4455,2-11
4456,5-24
4457,1-9
4458,1-1
4459,4-7
4460,9-23
4461,5-35
4462,6-21
4463,2-11
4464,1-1
4465,6-29
4466,2-3
4467,2-17
4468,2-11
4469,7-16
4470,6-28
4471,1-9
4472,2-6
4473,5-35
4474,6-34
4475,5-12
4476,2-25
4477,6-8
4478,6-34
4479,6-31
4480,2-6
4481,3-5
4482,7-16
4483,6-20
4484,1-1
4485,5-24
4486,5-35
4487,8-18
4488,3-5
4489,1-10
4490,5-22
4491,5-22
4492,6-13
4493,6-20
4494,10-26
4495,6-19
4496,6-8
4497,1-4
4498,9-23
4499,3-5
4500,6-28
4501,1-9
4502,2-14
4503,2-3
4504,2-3
4505,9-23
4506,8-18
4507,4-7
4508,1-10
4509,1-4
4510,5-35
4511,6-28
4512,2-6
4513,5-30
4514,6-20
4515,5-22
4516,2-2
4517,7-16
4518,2-25
4519,2-6
4520,6-21
4521,2-3
4522,5-12
4523,2-17
4524,1-4
4525,2-17
4526,6-19
4527,5-12
4528,2-25
4529,3-5
4530,6-19
4531,6-31
4532,6-8
4533,2-33
4534,2-17
4535,5-12
4536,6-20
4537,2-6
4538,4-7
4539,6-34
4540,6-29
4541,6-20
4542,5-22
4543,2-25
4544,6-34
4545,5-30
4546,6-31
4547,2-6
4548,6-21
4549,6-20
4550,5-22
4551,6-32
4552,5-35
4553,1-1
4554,2-11
4555,2-17
4556,6-28
4557,1-10
4558,4-7
4559,6-34
4560,5-12
4561,5-12
4562,2-17
4563,6-13
4564,6-34
4565,7-16
4566,6-34
4567,6-19
4568,9-23
4569,5-35
4570,2-25
4571,6-8
4572,6-34
4573,6-28
4574,5-24
4575,5-35
4576,6-20
4577,1-4
4578,1-10
4579,6-32
4580,7-16
4581,8-27
4582,6-21
4583,2-6
4584,6-32
4585,6-13
4586,5-35
4587,10-26
4588,1-1
4589,1-4
4590,10-26
4591,6-29
4592,5-35
4593,6-20
4594,5-30
4595,7-16
4596,1-10
4597,1-10
4598,6-31
4599,1-10
4600,6-32
4601,6-28
4602,2-14
4603,9-23
4604,6-21
4605,5-22
4606,6-13
4607,2-17
4608,6-15
4609,10-26
4610,6-31
4611,4-7
4612,7-16
4613,5-24
4614,5-22
4615,1-1
4616,1-9
4617,6-34
4618,6-19
4619,6-21
4620,6-34
4621,6-34
4622,6-28
4623,6-8
4624,6-29
4625,1-1
4626,1-10
4627,6-20
4628,6-31
4629,6-8
4630,6-8
4631,6-28
4632,1-4
4633,2-33
4634,1-4
4635,8-27
4636,2-17
4637,2-6
4638,1-4
4639,6-29
4640,9-23
4641,5-30
4642,4-7
4643,6-21
4644,6-13
4645,10-26
4646,6-28
4647,2-33
4648,6-19
4649,6-21
4650,6-20
4651,7-16
4652,6-31
4653,3-5
4654,2-6
4655,1-9
4656,5-22
4657,7-16
4658,2-3
4659,6-19
4660,6-8
4661,2-6
4662,2-6
4663,2-33
4664,2-6
4665,8-18
4666,6-13
4667,2-11
4668,2-6
4669,2-11
4670,7-16
4671,2-2
4672,7-16
4673,2-25
4674,6-32
4675,1-4
4676,5-22
4677,5-30
4678,3-5
4679,2-2
4680,5-22
4681,6-15
4682,9-23
4683,6-13
4684,2-11
4685,2-25
4686,6-8
4687,6-15
4688,6-28
4689,7-16
4690,2-11
4691,5-12
4692,5-22
4693,2-2
4694,2-2
4695,5-30
4696,6-15
4697,6-19
4698,3-5
4699,8-27
4700,2-17
4701,2-25
4702,5-22
4703,1-9
4704,2-25
4705,2-25
4706,2-25
4707,2-2
4708,2-3
4709,10-26
4710,1-10
4711,4-7
4712,6-32
4713,6-13
4714,5-35
4715,3-5
4716,6-29
4717,4-7
4718,6-13
4719,6-15
4720,5-30
4721,5-35
4722,9-23
4723,1-4
4724,6-32
4725,6-19
4726,6-21
4727,6-19
4728,1-9
4729,10-26
4730,1-9
4731,5-35
4732,3-5
4733,6-13
4734,8-18
4735,3-5
4736,5-22
4737,6-20
4738,5-12
4739,5-35
4740,3-5
4741,2-25
4742,5-35
4743,6-8
4744,6-28
4745,5-30
4746,6-15
4747,8-18
4748,8-18
4749,2-2
4750,5-30
4751,6-34
4752,7-16
4753,3-5
4754,7-16
4755,5-22
4756,9-23
4757,2-2
4758,7-16
4759,2-14
4760,5-12
4761,2-25
4762,5-30
4763,1-4
4764,2-33
4765,1-10
4766,2-25
4767,2-11
4768,5-30
4769,6-13
4770,6-31
4771,5-30
4772,6-8
4773,6-21
4774,2-11
4775,2-6
4776,6-31
4777,6-8
4778,2-2
4779,6-13
4780,6-31
4781,2-14
4782,6-13
4783,2-3
4784,5-30
4785,2-6
4786,6-32
4787,6-31
4788,8-18
4789,2-6
4790,6-20
4791,2-33
4792,6-13
4793,6-13
4794,2-2
4795,10-26
4796,2-11
4797,6-13
4798,5-24
4799,2-14
4800,5-24
4801,5-12
4802,5-12
4803,6-31
4804,6-8
4805,5-12
4806,2-11
4807,5-35
4808,1-1
4809,6-28
4810,5-35
4811,2-11
4812,5-35
4813,10-26
4814,5-30
4815,6-32
4816,6-21
4817,10-26
4818,5-22
4819,2-11
4820,7-16
4821,6-21
4822,6-28
4823,6-31
4824,7-16
4825,5-12
4826,6-32
4827,6-8
4828,1-10
4829,3-5
4830,2-6
4831,9-23
4832,5-35
4833,6-8
4834,9-23
4835,6-32
4836,2-6
4837,5-30
4838,2-6
4839,2-2
4840,6-20
4841,8-27
4842,6-13
4843,6-32
4844,6-13
4845,6-21
4846,5-24
4847,6-28
4848,5-12
4849,2-11
4850,5-35
4851,2-33
4852,5-35
4853,2-2
4854,2-17
4855,2-11
4856,6-13
4857,1-9
4858,6-28
4859,5-12
4860,1-1
4861,6-28
4862,1-1
4863,2-3
4864,6-13
4865,2-2
4866,6-31
4867,1-1
4868,7-16
4869,6-15
4870,6-19
4871,1-4
4872,1-4
4873,5-22
4874,6-20
4875,5-24
4876,2-6
4877,2-33
4878,6-32
4879,1-10
4880,2-17
4881,5-24
4882,5-30
4883,9-23
4884,9-23
4885,6-31
4886,1-9
4887,6-13
4888,2-25
4889,5-30
4890,6-29
4891,8-18
4892,7-16
4893,1-9
4894,2-6
4895,2-17
4896,2-14
4897,6-34
4898,6-21
4899,5-30
4900,8-18
4901,4-7
4902,6-13
4903,2-6
4904,6-31
4905,6-32
4906,10-26
4907,8-18
4908,5-30
4909,2-11
4910,6-32
4911,6-31
4912,2-25
4913,1-9
4914,6-20
4915,2-11
4916,2-33
4917,6-31
4918,6-28
4919,5-35
4920,6-28
4921,1-10
4922,2-6
4923,6-19
4924,5-22
4925,2-2
4926,6-13
4927,6-19
4928,2-17
4929,2-11
4930,9-23
4931,5-24
4932,6-28
4933,9-23
4934,2-25
4935,6-34
4936,2-3
4937,6-21
4938,2-3
4939,5-24
4940,2-14
4941,5-12
4942,8-18
4943,6-19
4944,3-5
4945,6-19
4946,6-13
4947,5-35
4948,2-17
4949,2-25
4950,1-4
4951,6-15
4952,6-32
4953,10-26
4954,6-34
4955,2-3
4956,1-9
4957,6-34
4958,6-29
4959,6-21
4960,2-6
4961,2-14
4962,8-27
4963,2-17
4964,6-34
4965,2-3
4966,2-33
4967,5-22
4968,5-30
4969,6-8
4970,5-30
4971,1-4
4972,1-4
4973,8-18
4974,1-4
4975,1-10
4976,5-35
4977,10-26
4978,6-34
4979,5-24
4980,6-32
4981,8-27
4982,5-35
4983,1-9
4984,6-13
4985,9-23
4986,2-3
4987,2-17
4988,2-33
4989,5-24
4990,6-21
4991,6-28
4992,6-20
4993,1-4
4994,5-22
4995,6-29
4996,5-12
4997,2-2
4998,9-23
4999,6-19
5000,8-27
5001,6-21
5002,5-35
5003,10-26
5004,2-3
5005,6-29
5006,6-13
5007,5-22
5008,6-21
5009,6-19
5010,6-13
5011,6-15
5012,2-3
5013,5-24
5014,2-11
5015,8-18
5016,6-34
5017,2-6
5018,2-33
5019,6-13
5020,8-18
5021,6-28
5022,8-27
5023,2-25
5024,6-15
5025,5-30
5026,1-10
5027,6-34
5028,2-25
5029,8-27
5030,6-20
5031,4-7
5032,6-32
5033,5-12
5034,6-31
5035,2-6
5036,5-22
5037,4-7
5038,5-12
5039,8-18
5040,5-24
5041,5-24
5042,9-23
5043,6-34
5044,6-13
5045,6-19
5046,4-7
5047,6-31
5048,1-4
5049,6-31
5050,2-17
5051,2-33
5052,5-24
5053,6-20
5054,2-25
5055,5-30
5056,3-5
5057,2-33
5058,6-8
5059,1-10
5060,1-4
5061,1-1
5062,2-17
5063,6-20
5064,6-29
5065,8-27
5066,7-16
5067,6-15
5068,2-2
5069,5-12
5070,6-29
5071,5-12
5072,6-8
5073,4-7
5074,6-28
5075,2-3
5076,5-12
5077,2-11
5078,6-28
5079,6-13
5080,1-4
5081,2-11
5082,6-28
5083,2-25
5084,9-23
5085,1-1
5086,5-12
5087,2-6
5088,2-11
5089,5-30
5090,8-18
5091,2-33
5092,6-31
5093,8-27
5094,6-32
5095,6-32
5096,5-35
5097,6-13
5098,2-6
5099,6-29
5100,2-2
5101,2-14
5102,2-6
5103,6-15
5104,5-24
5105,1-1
5106,1-10
5107,8-18
5108,2-17
5109,5-35
5110,2-17
5111,6-31
5112,6-29
5113,5-35
5114,2-33
5115,6-13
5116,6-21
5117,2-17
5118,2-6
5119,6-13
5120,2-25
5121,1-9
5122,10-26
5123,5-30
5124,5-30
5125,4-7
5126,8-18
5127,3-5
5128,6-20
5129,2-3
5130,2-33
5131,2-3
5132,1-1
5133,8-18
5134,2-2
5135,8-18
5136,10-26
5137,8-27
5138,6-31
5139,6-21
5140,5-24
5141,2-6
5142,10-26
5143,1-10
5144,6-34
5145,2-3
5146,6-31
5147,6-21
5148,3-5
5149,5-24
5150,6-20
5151,8-18
5152,2-6
5153,2-11
5154,2-14
5155,5-24
5156,3-5
5157,6-15
5158,10-26
5159,6-34
5160,6-20
5161,8-18
5162,8-27
5163,1-10
5164,5-35
5165,6-34
5166,2-14
5167,6-32
5168,2-3
5169,5-35
5170,4-7
5171,1-10
5172,5-22
5173,1-1
5174,4-7
5175,9-23
5176,2-17
5177,2-33
5178,6-13
5179,5-35
5180,2-11
5181,6-28
5182,7-16
5183,6-13
5184,2-2
5185,2-6
5186,8-18
5187,3-5
5188,6-15
5189,6-21
5190,1-1
5191,7-16
5192,6-19
5193,6-8
5194,2-6
5195,2-6
5196,1-10
5197,5-35
5198,6-32
5199,6-20
5200,2-11
5201,6-19
5202,1-1
5203,7-16
5204,6-8
5205,6-13
5206,6-13
5207,6-8
5208,10-26
5209,2-3
5210,6-34
5211,10-26
5212,5-24
5213,7-16
5214,5-22
5215,8-18
5216,2-3
5217,4-7
5218,8-18
5219,6-31
5220,5-35
5221,2-14
5222,10-26
5223,5-24
5224,6-20
5225,6-19
5226,6-21
5227,5-35
5228,1-4
5229,6-21
5230,6-28
5231,5-12
5232,4-7
5233,1-1
5234,5-22
5235,6-13
5236,1-4
5237,6-34
5238,6-32
5239,6-29
5240,9-23
5241,1-4
5242,1-4
5243,5-22
5244,5-35
5245,3-5
5246,6-21
5247,2-33
5248,2-17
5249,1-1
5250,2-3
5251,6-21
5252,9-23
5253,2-3
5254,6-28
5255,2-3
5256,6-31
5257,3-5
5258,6-19
5259,1-9
5260,6-29
5261,5-35
5262,6-34
5263,6-13
5264,9-23
5265,6-28
5266,5-24
5267,2-25
5268,9-23
5269,6-34
5270,6-8
5271,6-32
5272,2-17
5273,2-2
5274,5-30
5275,6-34
5276,2-11
5277,6-31
5278,2-11
5279,6-29
5280,6-29
5281,6-29
5282,2-25
5283,2-17
5284,2-3
5285,6-31
5286,8-27
5287,1-1
5288,6-29
5289,2-6
5290,6-13
5291,1-1
5292,5-30
5293,6-31
5294,9-23
5295,1-9
5296,7-16
5297,3-5
5298,5-35
5299,6-8
5300,6-34
5301,2-14
5302,5-24
5303,6-28
5304,6-21
5305,5-22
5306,1-1
5307,1-1
5308,2-11
5309,6-15
5310,2-6
5311,7-16
5312,5-22
5313,9-23
5314,6-19
5315,5-30
5316,6-29
5317,2-11
5318,3-5
5319,2-17
5320,2-3
5321,6-32
5322,3-5
5323,2-6
5324,1-10
5325,6-13
5326,5-30
5327,2-17
5328,2-25
5329,6-21
5330,6-34
5331,1-10
5332,6-20
5333,6-29
5334,8-27
5335,2-25
5336,5-12
5337,7-16
5338,6-28
5339,6-29
5340,1-1
5341,5-12
5342,5-12
5343,2-14
5344,5-22
5345,2-6
5346,1-1
5347,2-33
5348,6-20
5349,2-17
5350,6-13
5351,6-15
5352,2-33
5353,2-17
5354,1-9
5355,5-24
5356,2-3
5357,6-31
5358,1-4
5359,1-1
5360,5-24
5361,6-8
5362,5-22
5363,5-35
5364,2-33
5365,2-3
5366,5-22
5367,6-19
5368,2-14
5369,8-18
5370,6-32
5371,6-8
5372,7-16
5373,5-30
5374,2-3
5375,6-31
5376,6-13
5377,1-9
5378,5-35
5379,2-2
5380,2-6
5381,6-32
5382,4-7
5383,6-31
5384,5-30
5385,1-1
5386,9-23
5387,5-30
5388,6-31
5389,5-22
5390,6-13
5391,5-24
5392,5-24
5393,6-13
5394,6-19
5395,6-8
5396,5-30
5397,2-11
5398,2-14
5399,5-12
5400,3-5
5401,6-34
5402,2-33
5403,6-15
5404,6-31
5405,6-19
5406,2-17
5407,1-4
5408,6-13
5409,2-25
5410,8-27
5411,2-11
5412,6-13
5413,6-19
5414,1-1
5415,6-8
5416,8-18
5417,8-18
5418,1-9
5419,5-22
5420,1-1
5421,2-25
5422,2-11
5423,2-14
5424,2-17
5425,6-32
5426,2-6
5427,5-12
5428,6-28
5429,2-11
5430,1-4
5431,2-2
5432,4-7
5433,6-34
5434,6-32
5435,6-15
5436,6-20
5437,5-30
5438,5-30
5439,2-11
5440,7-16
5441,1-10
5442,1-4
5443,8-18
5444,5-30
5445,8-18
5446,6-21
5447,1-4
5448,2-2
5449,6-34
5450,6-34
5451,2-17
5452,7-16
5453,4-7
5454,1-1
5455,6-32
5456,2-25
5457,6-21
5458,10-26
5459,5-30
5460,1-1
5461,6-15
5462,6-28
5463,8-18
5464,6-15
5465,1-1
5466,1-4
5467,1-10
5468,3-5
5469,6-28
5470,1-9
5471,5-30
5472,2-25
5473,5-35
5474,5-12
5475,6-34
5476,3-5
5477,6-21
5478,6-32
5479,5-30
5480,6-31
5481,2-2
5482,6-34
5483,6-13
5484,5-22
5485,6-28
5486,8-18
5487,5-30
5488,5-24
5489,5-24
5490,2-25
5491,9-23
5492,5-30
5493,8-27
5494,2-17
5495,5-22
5496,7-16
5497,3-5
5498,2-25
5499,2-25
5500,1-4
5501,2-17
5502,5-35
5503,6-32
5504,4-7
5505,2-25
5506,4-7
5507,5-24
5508,9-23
5509,2-25
5510,5-24
5511,8-18
5512,2-3
5513,1-4
5514,1-1
5515,4-7
5516,6-21
5517,4-7
5518,2-6
5519,7-16
5520,1-10
5521,5-30
5522,1-4
5523,6-20
5524,5-12
5525,2-2
5526,8-27
5527,2-14
5528,10-26
5529,2-11
5530,6-21
5531,8-18
5532,4-7
5533,6-21
5534,1-10
5535,6-32
5536,2-2
5537,2-2
5538,2-2
5539,3-5
5540,2-2
5541,4-7
5542,6-13
5543,2-14
5544,5-30
5545,2-3
5546,6-34
5547,1-1
5548,2-17
5549,6-28
5550,4-7
5551,8-27
5552,6-32
5553,6-31
5554,5-24
5555,2-33
5556,10-26
5557,5-35
5558,5-12
5559,2-14
5560,2-14
5561,2-11
5562,3-5
5563,6-20
5564,5-35
5565,2-14
5566,5-24
5567,9-23
5568,6-29
5569,2-14
5570,6-32
5571,6-34
5572,6-20
5573,8-27
5574,6-28
5575,2-6
5576,1-4
5577,2-17
5578,6-31
5579,6-31
5580,3-5
5581,9-23
5582,8-27
5583,6-8
5584,2-11
5585,6-13
5586,8-18
5587,2-14
5588,8-27
5589,2-25
5590,2-11
5591,1-10
5592,1-4
5593,6-21
5594,2-14
5595,2-6
5596,1-1
5597,6-13
5598,1-9
5599,6-19
5600,1-10
5601,5-35
5602,5-30
5603,8-27
5604,4-7
5605,3-5
5606,2-11
5607,2-14
5608,6-31
5609,6-29
5610,5-30
5611,5-30
5612,2-14
5613,6-20
5614,6-19
5615,6-19
5616,2-2
5617,5-30
5618,1-9
5619,6-31
5620,2-17
5621,6-29
5622,6-28
5623,6-19
5624,9-23
5625,2-3
5626,6-34
5627,1-9
5628,10-26
5629,1-10
5630,1-1
5631,6-31
5632,6-34
5633,8-18
5634,5-22
5635,7-16
5636,6-34
5637,5-22
5638,2-25
5639,8-27
5640,6-31
5641,2-11
5642,2-2
5643,2-14
5644,9-23
5645,2-6
5646,2-14
5647,1-4
5648,5-12
5649,1-10
5650,5-35
5651,6-15
5652,2-33
5653,6-34
5654,2-11
5655,8-18
5656,6-31
5657,5-35
5658,2-14
5659,7-16
5660,1-10
5661,2-17
5662,1-1
5663,1-10
5664,1-4
5665,8-18
5666,6-29
5667,1-4
5668,6-13
5669,6-32
5670,7-16
5671,2-14
5672,2-25
5673,6-20
5674,6-8
5675,1-10
5676,6-8
5677,6-15
5678,1-10
5679,1-4
5680,6-19
5681,2-3
5682,2-25
5683,9-23
5684,2-3
5685,4-7
5686,6-20
5687,2-33
5688,5-12
5689,2-25
5690,8-27
5691,5-24
5692,7-16
5693,6-29
5694,5-24
5695,6-34
5696,7-16
5697,1-1
5698,3-5
5699,9-23
5700,2-6
5701,8-27
5702,7-16
5703,8-18
5704,10-26
5705,1-10
5706,5-12
5707,2-14
5708,7-16
5709,6-29
5710,2-11
5711,5-22
5712,2-33
5713,5-24
5714,5-30
5715,8-18
5716,2-25
5717,2-6
5718,2-25
5719,2-6
5720,1-9
5721,2-25
5722,2-11
5723,2-14
5724,1-9
5725,1-4
5726,5-30
5727,2-14
5728,5-12
5729,6-32
5730,8-18
5731,6-19
5732,6-29
5733,2-11
5734,9-23
5735,7-16
5736,6-13
5737,5-12
5738,7-16
5739,6-8
5740,5-12
5741,2-6
5742,6-13
5743,1-1
5744,5-12
5745,2-17
5746,2-6
5747,2-2
5748,1-9
5749,8-27
5750,2-25
5751,2-33
5752,6-8
5753,6-8
5754,6-31
5755,5-35
5756,6-21
5757,6-15
5758,6-8
5759,6-28
5760,2-2
5761,2-3
5762,5-24
5763,6-32
5764,9-23
5765,1-10
5766,6-15
5767,1-10
5768,1-10
5769,2-3
5770,8-27
5771,1-4
5772,8-27
5773,9-23
5774,1-10
5775,1-10
5776,5-35
5777,9-23
5778,6-15
5779,6-28
5780,8-27
5781,6-19
5782,5-30
5783,6-20
5784,2-2
5785,5-12
5786,2-2
5787,3-5
5788,5-22
5789,6-29
5790,2-17
5791,1-1
5792,6-28
5793,2-25
5794,8-27
5795,6-32
5796,1-9
5797,2-33
5798,3-5
5799,5-24
5800,6-8
5801,5-35
5802,5-22
5803,6-21
5804,1-10
5805,1-9
5806,5-24
5807,2-3
5808,9-23
5809,1-1
5810,6-8
5811,6-34
5812,2-6
5813,5-22
5814,6-20
5815,6-13
5816,6-19
5817,6-28
5818,10-26
5819,2-14
5820,1-1
5821,5-22
5822,6-28
5823,6-32
5824,9-23
5825,5-12
5826,5-22
5827,6-19
5828,3-5
5829,5-12
5830,5-35
5831,8-27
5832,6-34
5833,2-6
5834,1-4
5835,5-22
5836,7-16
5837,6-19
5838,6-29
5839,2-25
5840,8-27
5841,2-33
5842,7-16
5843,6-13
5844,6-34
5845,6-8
5846,6-15
5847,2-14
5848,3-5
5849,1-4
5850,6-15
5851,6-8
5852,2-17
5853,1-9
5854,3-5
5855,1-4
5856,1-1
5857,4-7
5858,2-14
5859,4-7
5860,9-23
5861,4-7
5862,6-34
5863,6-13
5864,2-33
5865,6-28
5866,9-23
5867,9-23
5868,3-5
5869,6-29
5870,2-3
5871,2-14
5872,9-23
5873,6-8
5874,6-15
5875,3-5
5876,6-34
5877,4-7
5878,2-25
5879,6-13
5880,2-6
5881,5-22
5882,5-12
5883,2-3
5884,8-18
5885,6-19
5886,6-15
5887,2-11
5888,5-30
5889,2-3
5890,2-25
5891,6-34
5892,2-33
5893,6-32
5894,1-10
5895,7-16
5896,2-33
5897,6-20
5898,8-18
5899,9-23
5900,7-16
5901,6-20
5902,6-8
5903,3-5
5904,4-7
5905,6-28
5906,2-14
5907,6-15
5908,6-34
5909,6-19
5910,6-20
5911,5-22
5912,6-29
5913,2-3
5914,2-2
5915,6-8
5916,5-35
5917,5-22
5918,10-26
5919,2-2
5920,8-18
5921,6-19
5922,2-17
5923,1-4
5924,6-20
5925,6-19
5926,10-26
5927,2-2
5928,5-35
5929,6-32
5930,1-9
5931,6-34
5932,5-22
5933,6-8
5934,7-16
5935,4-7
5936,5-12
5937,2-33
5938,2-2
5939,5-24
5940,4-7
5941,5-30
5942,5-22
5943,6-13
5944,5-30
5945,6-13
5946,6-20
5947,6-19
5948,5-12
5949,6-29
5950,2-11
5951,2-33
5952,9-23
5953,6-21
5954,1-9
5955,9-23
5956,7-16
5957,1-9
5958,6-34
5959,3-5
5960,9-23
5961,1-4
5962,2-3
5963,6-29
5964,8-27
5965,6-15
5966,1-4
5967,2-11
5968,2-14
5969,6-29
5970,3-5
5971,6-13
5972,6-29
5973,6-15
5974,9-23
5975,6-19
5976,5-22
5977,5-30
5978,2-14
5979,2-3
5980,1-1
5981,4-7
5982,6-13
5983,7-16
5984,6-13
5985,8-27
5986,10-26
5987,1-10
5988,6-15
5989,2-3
5990,2-14
5991,1-9
5992,8-27
5993,6-31
5994,6-28
5995,6-15
5996,2-2
5997,2-14
5998,2-33
5999,2-3
6000,1-10
6001,2-17
6002,6-32
6003,2-3
